{
  "format_version": "1.12",
  "minecraft:recipe_shaped": {
    "description": {
    "identifier": "minecraft:lime__carpet_from_white"
    },

    
    "tags": [ "crafting_table" ],
    "group": "carpet",
    "pattern": [
      "###",
      "#X#",
      "###"
    ],
    "key": {
      "#": {
        "item": "minecraft:carpet",
        "data": 0
      },
      "X": {
        "item": "minecraft:dye",
        "data": 10
      }
    },
    "result": {
      "item": "minecraft:carpet",
      "data": 5,
      "count": 8
    }
  }
}
