{
  "format_version": "1.8.0",
  "minecraft:entity": {
    "description": {
      "identifier": "minecraft:chest_minecart",
      "is_spawnable": false,
      "is_summonable": true,
      "is_experimental": false
    },
    "components": {
      "minecraft:type_family": {
        "family": [ "minecart", "inanimate" ]
      },
      "minecraft:collision_box": {
        "width": 0.98,
        "height": 0.7
      },
      "minecraft:rail_movement": {

      },
      "minecraft:inventory": {
        "container_type": "minecart_chest",
        "inventory_size": 27,
        "can_be_siphoned_from": true
      },
      "minecraft:is_stackable": {
        "value": true
      },
	  "minecraft:physics": {
      }
    }

  }
}
