{
  "format_version": "1.8.0",
  "minecraft:entity": {
    "description": {
      "identifier": "minecraft:ender_crystal",
      "is_spawnable": false,
      "is_summonable": true,
      "is_experimental": false
    },

    "component_groups": {
      "crystal_exploding": {
        "minecraft:explode": {
          "fuseLength": 0,
          "fuseLit": true,
          "power": 6,
          "causesFire": false,
          "destroyAffectedByGriefing": true
        }
      }
    },

    "components": {
      "minecraft:collision_box": {
        "width": 0.98,
        "height": 0.98
      },
      "minecraft:health": {
        "value": 1,
        "max": 1
      },
      "minecraft:fire_immune": true,
      "minecraft:on_hurt": {
        "event": "minecraft:crystal_explode",
        "target": "self"
      },
	    "minecraft:physics": {
      }
    },

    "events": {
      "minecraft:crystal_explode": {
        "remove": {
        },
        "add": {
          "component_groups": [
            "crystal_exploding"
          ]
        }
      }
    }

  }
}
