{
  "format_version": "1.12",
  "minecraft:recipe_shaped": {
    "description": {
    "identifier": "minecraft:cyan_stained_hardened_clay"
    },

    
    "tags": [ "crafting_table" ],
    "group": "stained_hardened_clay",
    "pattern": [
      "###",
      "#X#",
      "###"
    ],
    "key": {
      "#": {
        "item": "minecraft:hardened_clay"
      },
      "X": {
        "item": "minecraft:dye",
        "data": 6
      }
    },
    "result": {
      "item": "minecraft:stained_hardened_clay",
      "data": 9,
      "count": 8
    }
  }
}
