{
  "format_version": "1.12",
  "minecraft:recipe_shaped": {
    "description": {
    "identifier": "minecraft:red_stained_glass_pane_from_pane"
    },

    
    "tags": [ "crafting_table" ],
    "group": "stained_glass_pane",
    "pattern": [
      "###",
      "#X#",
      "###"
    ],
    "key": {
      "#": {
        "item": "minecraft:glass_pane"
      },
      "X": {
        "item": "minecraft:dye",
        "data": 1
      }
    },
    "result": {
      "item": "minecraft:stained_glass_pane",
      "data": 14,
      "count": 8
    }
  }
}
