{
  "format_version": "1.12",
  "minecraft:recipe_shaped": {
    "description": {
    "identifier": "minecraft:dispenser"
    },

    
    "tags": [ "crafting_table" ],
    "pattern": [
      "###",
      "#X#",
      "#R#"
    ],
    "key": {
      "R": {
        "item": "minecraft:redstone"
      },
      "#": {
        "item": "minecraft:cobblestone"
      },
      "X": {
        "item": "minecraft:bow"
      }
    },
    "result": {
      "item": "minecraft:dispenser",
      "data": 3
    }
  }
}
